context,Data Type,Cohort,Modality,Method,Path,context_broad,summary_file,variant_level_method,summary_file_ad
AC_DeJager_eQTL,eQTL,ROSMAP,AC,single_context_finemapping,analysis_result/single_context/ROSMAP_eQTL/export/summary/context_specific/AC_DeJager_eQTL.exported.toploci.bed.gz,bulk_brain_eQTL,res_all_single_context_finemapping_cs50orgreater.csv.gz,TRUE,res_all_single_context_finemapping_cs50orgreater_overlapADloci.csv.gz
AC_DeJager_eQTL,eQTL,ROSMAP,AC,multi_gene_finemapping,analysis_result/multi_gene/ROSMAP/export/summary/context_specific/ROSMAP_AC_DeJager_eQTL.exported.toploci.bed.gz,bulk_brain_eQTL,res_all_multi_gene_finemapping_cs50orgreater.csv.gz,TRUE,res_all_multi_gene_finemapping_cs50orgreater_overlapADloci.csv.gz
AC_DeJager_eQTL,eQTL,ROSMAP,AC,LR,analysis_result/marginal_significant_qtl/cis_association/ROSMAP/eQTL/AC/LR/,bulk_brain_eQTL,"",TRUE,""
AC_DeJager_eQTL,eQTL,ROSMAP,AC,msex interaction,analysis_result/marginal_significant_qtl/cis_association/ROSMAP/eQTL/AC/interaction/msex/,bulk_brain_eQTL,res_msex_interaction_summ.csv.gz,TRUE,res_msex_interaction_summ_overlapADloci.csv.gz
AC_DeJager_eQTL,eQTL,ROSMAP,AC,APOE interaction,analysis_result/marginal_significant_qtl/cis_association/ROSMAP/eQTL/AC/interaction/APOE/,bulk_brain_eQTL,res_APOE_interaction_summ.csv.gz,TRUE,res_APOE_interaction_summ_overlapADloci.csv.gz
AC_DeJager_eQTL,eQTL & pQTL,"ROSMAP, MSBB, KNIGHT",-,QR,analysis_result/quantile_qtl/export/pure_qr.qtl.bonf_fdr_add_xi.classification.tsv.gz,bulk_brain_eQTL,res_qr_summ.csv.gz,TRUE,res_qr_summ_overlapADloci.csv.gz
AD_Bellenguez_2022,GWAS,AD_Bellenguez_2022,-,AD_GWAS_finemapping,analysis_result/AD_GWAS_finemapping/export/context_specific/AD_Bellenguez_2022.exported.toploci.bed.gz,GWAS,res_all_single_gwas_finemapping_cs50orgreater_extended_unified.csv.gz,TRUE,res_all_single_gwas_finemapping_cs50orgreater_extended_unified_overlapADloci.csv.gz
AD_Bellenguez_EADB_2022,GWAS,AD_Bellenguez_EADB_2022,-,AD_GWAS_finemapping,analysis_result/AD_GWAS_finemapping/export/context_specific/AD_Bellenguez_EADB_2022.exported.toploci.bed.gz,GWAS,res_all_single_gwas_finemapping_cs50orgreater_extended_unified.csv.gz,TRUE,res_all_single_gwas_finemapping_cs50orgreater_extended_unified_overlapADloci.csv.gz
AD_Bellenguez_EADI_2022,GWAS,AD_Bellenguez_EADI_2022,-,AD_GWAS_finemapping,analysis_result/AD_GWAS_finemapping/export/context_specific/AD_Bellenguez_EADI_2022.exported.toploci.bed.gz,GWAS,res_all_single_gwas_finemapping_cs50orgreater_extended_unified.csv.gz,TRUE,res_all_single_gwas_finemapping_cs50orgreater_extended_unified_overlapADloci.csv.gz
AD_Jansen_2021,GWAS,AD_Jansen_2021,-,AD_GWAS_finemapping,analysis_result/AD_GWAS_finemapping/export/context_specific/AD_Jansen_2021.exported.toploci.bed.gz,GWAS,res_all_single_gwas_finemapping_cs50orgreater_extended_unified.csv.gz,TRUE,res_all_single_gwas_finemapping_cs50orgreater_extended_unified_overlapADloci.csv.gz
AD_Kunkle_Stage1_2019,GWAS,AD_Kunkle_Stage1_2019,-,AD_GWAS_finemapping,analysis_result/AD_GWAS_finemapping/export/context_specific/AD_Kunkle_Stage1_2019.exported.toploci.bed.gz,GWAS,res_all_single_gwas_finemapping_cs50orgreater_extended_unified.csv.gz,TRUE,res_all_single_gwas_finemapping_cs50orgreater_extended_unified_overlapADloci.csv.gz
AD_Wightman_Excluding23andMe_2021,GWAS,AD_Wightman_Excluding23andMe_2021,-,AD_GWAS_finemapping,analysis_result/AD_GWAS_finemapping/export/context_specific/AD_Wightman_Excluding23andMe_2021.exported.toploci.bed.gz,GWAS,res_all_single_gwas_finemapping_cs50orgreater_extended_unified.csv.gz,TRUE,res_all_single_gwas_finemapping_cs50orgreater_extended_unified_overlapADloci.csv.gz
AD_Wightman_ExcludingUKBand23andME_2021,GWAS,AD_Wightman_ExcludingUKBand23andME_2021,-,AD_GWAS_finemapping,analysis_result/AD_GWAS_finemapping/export/context_specific/AD_Wightman_ExcludingUKBand23andME_2021.exported.toploci.bed.gz,GWAS,res_all_single_gwas_finemapping_cs50orgreater_extended_unified.csv.gz,TRUE,res_all_single_gwas_finemapping_cs50orgreater_extended_unified_overlapADloci.csv.gz
AD_Wightman_Full_2021,GWAS,AD_Wightman_Full_2021,-,AD_GWAS_finemapping,analysis_result/AD_GWAS_finemapping/export/context_specific/AD_Wightman_Full_2021.exported.toploci.bed.gz,GWAS,res_all_single_gwas_finemapping_cs50orgreater_extended_unified.csv.gz,TRUE,res_all_single_gwas_finemapping_cs50orgreater_extended_unified_overlapADloci.csv.gz
Ast_10_Kellis_eQTL,eQTL,ROSMAP,Ast_10_Kellis,single_context_finemapping,analysis_result/single_context/ROSMAP_eQTL/export/summary/context_specific/Ast_10_Kellis_eQTL.exported.toploci.bed.gz,Ast_eQTL,res_all_single_context_finemapping_cs50orgreater.csv.gz,TRUE,res_all_single_context_finemapping_cs50orgreater_overlapADloci.csv.gz
Ast_DeJager_eQTL,eQTL,ROSMAP,Ast_DeJager,single_context_finemapping,analysis_result/single_context/ROSMAP_eQTL/export/summary/context_specific/Ast_DeJager_eQTL.exported.toploci.bed.gz,Ast_eQTL,res_all_single_context_finemapping_cs50orgreater.csv.gz,TRUE,res_all_single_context_finemapping_cs50orgreater_overlapADloci.csv.gz
Ast_DeJager_eQTL,eQTL,ROSMAP,Ast_DeJager,multi_gene_finemapping,analysis_result/multi_gene/ROSMAP/export/summary/context_specific/ROSMAP_Ast_DeJager_eQTL.exported.toploci.bed.gz,Ast_eQTL,res_all_multi_gene_finemapping_cs50orgreater.csv.gz,TRUE,res_all_multi_gene_finemapping_cs50orgreater_overlapADloci.csv.gz
Ast_DeJager_eQTL,eQTL,ROSMAP,snuc_DeJager/Ast,LR,analysis_result/marginal_significant_qtl/cis_association/ROSMAP/eQTL/snuc_DeJager/Ast/LR/,Ast_eQTL,"",TRUE,""
Ast_DeJager_eQTL,eQTL,ROSMAP,snuc_DeJager/Ast,msex interaction,analysis_result/marginal_significant_qtl/cis_association/ROSMAP/eQTL/snuc_DeJager/Ast/interaction/msex/,Ast_eQTL,res_msex_interaction_summ.csv.gz,TRUE,res_msex_interaction_summ_overlapADloci.csv.gz
Ast_DeJager_eQTL,eQTL,ROSMAP,snuc_DeJager/Ast,APOE interaction,analysis_result/marginal_significant_qtl/cis_association/ROSMAP/eQTL/snuc_DeJager/Ast/interaction/APOE/,Ast_eQTL,res_APOE_interaction_summ.csv.gz,TRUE,res_APOE_interaction_summ_overlapADloci.csv.gz
Ast_Kellis_eQTL,eQTL,ROSMAP,Ast_Kellis,single_context_finemapping,analysis_result/single_context/ROSMAP_eQTL/export/summary/context_specific/Ast_Kellis_eQTL.exported.toploci.bed.gz,Ast_eQTL,res_all_single_context_finemapping_cs50orgreater.csv.gz,TRUE,res_all_single_context_finemapping_cs50orgreater_overlapADloci.csv.gz
Ast_mega_eQTL,eQTL,ROSMAP,Ast_mega,single_context_finemapping,analysis_result/single_context/ROSMAP_eQTL/export/summary/context_specific/Ast_mega_eQTL.exported.toploci.bed.gz,Ast_eQTL,res_all_single_context_finemapping_cs50orgreater.csv.gz,TRUE,res_all_single_context_finemapping_cs50orgreater_overlapADloci.csv.gz
Ast_mega_eQTL,eQTL,ROSMAP,Ast_mega,multi_gene_finemapping,analysis_result/multi_gene/ROSMAP/export/summary/context_specific/ROSMAP_Ast_mega_eQTL.exported.toploci.bed.gz,Ast_eQTL,res_all_multi_gene_finemapping_cs50orgreater.csv.gz,TRUE,res_all_multi_gene_finemapping_cs50orgreater_overlapADloci.csv.gz
Ast_mega_eQTL,eQTL,ROSMAP,snuc_mega/Ast,LR,analysis_result/marginal_significant_qtl/cis_association/ROSMAP/eQTL/snuc_mega/Ast/LR/,Ast_eQTL,"",TRUE,""
Ast_mega_eQTL,eQTL,ROSMAP,snuc_mega/Ast,msex interaction,analysis_result/marginal_significant_qtl/cis_association/ROSMAP/eQTL/snuc_mega/Ast/interaction/msex/,Ast_eQTL,res_msex_interaction_summ.csv.gz,TRUE,res_msex_interaction_summ_overlapADloci.csv.gz
Ast_mega_eQTL,eQTL,ROSMAP,snuc_mega/Ast,APOE interaction,analysis_result/marginal_significant_qtl/cis_association/ROSMAP/eQTL/snuc_mega/Ast/interaction/APOE/,Ast_eQTL,res_APOE_interaction_summ.csv.gz,TRUE,res_APOE_interaction_summ_overlapADloci.csv.gz
BM_10_MSBB_eQTL,eQTL,MSBB,BM_10,single_context_finemapping,analysis_result/single_context/MSBB_eQTL/export/summary/context_specific/BM_10_MSBB_eQTL.exported.toploci.bed.gz,bulk_brain_eQTL,res_all_single_context_finemapping_cs50orgreater.csv.gz,TRUE,res_all_single_context_finemapping_cs50orgreater_overlapADloci.csv.gz
BM_10_MSBB_eQTL,eQTL,MSBB,BM_10,multi_gene_finemapping,analysis_result/multi_gene/MSBB/export/summary/context_specific/MSBB_BM_10_eQTL.exported.toploci.bed.gz,bulk_brain_eQTL,res_all_multi_gene_finemapping_cs50orgreater.csv.gz,TRUE,res_all_multi_gene_finemapping_cs50orgreater_overlapADloci.csv.gz
BM_10_MSBB_eQTL,eQTL,MSBB,BM_10,LR,analysis_result/marginal_significant_qtl/cis_association/MSBB/eQTL/BM_10/LR/,bulk_brain_eQTL,"",TRUE,""
BM_10_MSBB_eQTL,eQTL,MSBB,BM_10,msex interaction,analysis_result/marginal_significant_qtl/cis_association/MSBB/eQTL/BM_10/interaction/msex/,bulk_brain_eQTL,res_msex_interaction_summ.csv.gz,TRUE,res_msex_interaction_summ_overlapADloci.csv.gz
BM_22_MSBB_eQTL,eQTL,MSBB,BM_22,single_context_finemapping,analysis_result/single_context/MSBB_eQTL/export/summary/context_specific/BM_22_MSBB_eQTL.exported.toploci.bed.gz,bulk_brain_eQTL,res_all_single_context_finemapping_cs50orgreater.csv.gz,TRUE,res_all_single_context_finemapping_cs50orgreater_overlapADloci.csv.gz
BM_22_MSBB_eQTL,eQTL,MSBB,BM_22,multi_gene_finemapping,analysis_result/multi_gene/MSBB/export/summary/context_specific/MSBB_BM_22_eQTL.exported.toploci.bed.gz,bulk_brain_eQTL,res_all_multi_gene_finemapping_cs50orgreater.csv.gz,TRUE,res_all_multi_gene_finemapping_cs50orgreater_overlapADloci.csv.gz
BM_22_MSBB_eQTL,eQTL,MSBB,BM_22,LR,analysis_result/marginal_significant_qtl/cis_association/MSBB/eQTL/BM_22/LR/,bulk_brain_eQTL,"",TRUE,""
BM_22_MSBB_eQTL,eQTL,MSBB,BM_22,msex interaction,analysis_result/marginal_significant_qtl/cis_association/MSBB/eQTL/BM_22/interaction/msex/,bulk_brain_eQTL,res_msex_interaction_summ.csv.gz,TRUE,res_msex_interaction_summ_overlapADloci.csv.gz
BM_36_MSBB_eQTL,eQTL,MSBB,BM_36,single_context_finemapping,analysis_result/single_context/MSBB_eQTL/export/summary/context_specific/BM_36_MSBB_eQTL.exported.toploci.bed.gz,bulk_brain_eQTL,res_all_single_context_finemapping_cs50orgreater.csv.gz,TRUE,res_all_single_context_finemapping_cs50orgreater_overlapADloci.csv.gz
BM_36_MSBB_eQTL,eQTL,MSBB,BM_36,multi_gene_finemapping,analysis_result/multi_gene/MSBB/export/summary/context_specific/MSBB_BM_36_eQTL.exported.toploci.bed.gz,bulk_brain_eQTL,res_all_multi_gene_finemapping_cs50orgreater.csv.gz,TRUE,res_all_multi_gene_finemapping_cs50orgreater_overlapADloci.csv.gz
BM_36_MSBB_eQTL,eQTL,MSBB,BM_36,LR,analysis_result/marginal_significant_qtl/cis_association/MSBB/eQTL/BM_36/LR/,bulk_brain_eQTL,"",TRUE,""
BM_36_MSBB_eQTL,eQTL,MSBB,BM_36,msex interaction,analysis_result/marginal_significant_qtl/cis_association/MSBB/eQTL/BM_36/interaction/msex/,bulk_brain_eQTL,res_msex_interaction_summ.csv.gz,TRUE,res_msex_interaction_summ_overlapADloci.csv.gz
BM_44_MSBB_eQTL,eQTL,MSBB,BM_44,single_context_finemapping,analysis_result/single_context/MSBB_eQTL/export/summary/context_specific/BM_44_MSBB_eQTL.exported.toploci.bed.gz,bulk_brain_eQTL,res_all_single_context_finemapping_cs50orgreater.csv.gz,TRUE,res_all_single_context_finemapping_cs50orgreater_overlapADloci.csv.gz
BM_44_MSBB_eQTL,eQTL,MSBB,BM_44,multi_gene_finemapping,analysis_result/multi_gene/MSBB/export/summary/context_specific/MSBB_BM_44_eQTL.exported.toploci.bed.gz,bulk_brain_eQTL,res_all_multi_gene_finemapping_cs50orgreater.csv.gz,TRUE,res_all_multi_gene_finemapping_cs50orgreater_overlapADloci.csv.gz
BM_44_MSBB_eQTL,eQTL,MSBB,BM_44,LR,analysis_result/marginal_significant_qtl/cis_association/MSBB/eQTL/BM_44/LR/,bulk_brain_eQTL,"",TRUE,""
BM_44_MSBB_eQTL,eQTL,MSBB,BM_44,msex interaction,analysis_result/marginal_significant_qtl/cis_association/MSBB/eQTL/BM_44/interaction/msex/,bulk_brain_eQTL,res_msex_interaction_summ.csv.gz,TRUE,res_msex_interaction_summ_overlapADloci.csv.gz
DLPFC_Bennett_pQTL,pQTL,ROSMAP,DLPFC_Bennett,single_context_finemapping,analysis_result/single_context/ROSMAP_pQTL/export/summary/context_specific/DLPFC_Bennett_pQTL.exported.toploci.bed.gz,bulk_brain_pQTL,res_all_single_context_finemapping_cs50orgreater.csv.gz,TRUE,res_all_single_context_finemapping_cs50orgreater_overlapADloci.csv.gz
DLPFC_Bennett_pQTL,pQTL,ROSMAP,DLPFC_Bennett,multi_gene_finemapping,analysis_result/multi_gene/ROSMAP/export/summary/context_specific/ROSMAP_DLPFC_Bennett_pQTL.exported.toploci.bed.gz,bulk_brain_pQTL,res_all_multi_gene_finemapping_cs50orgreater.csv.gz,TRUE,res_all_multi_gene_finemapping_cs50orgreater_overlapADloci.csv.gz
DLPFC_Bennett_pQTL,pQTL,ROSMAP,DLPFC,LR,analysis_result/marginal_significant_qtl/cis_association/ROSMAP/pQTL/DLPFC/LR/,bulk_brain_pQTL,"",TRUE,""
DLPFC_Bennett_pQTL,pQTL,ROSMAP,DLPFC,msex interaction,analysis_result/marginal_significant_qtl/cis_association/ROSMAP/pQTL/DLPFC/interaction/msex/,bulk_brain_pQTL,res_msex_interaction_summ.csv.gz,TRUE,res_msex_interaction_summ_overlapADloci.csv.gz
DLPFC_Bennett_pQTL,pQTL,ROSMAP,DLPFC,APOE interaction,analysis_result/marginal_significant_qtl/cis_association/ROSMAP/pQTL/DLPFC/interaction/APOE/,bulk_brain_pQTL,res_APOE_interaction_summ.csv.gz,TRUE,res_APOE_interaction_summ_overlapADloci.csv.gz
DLPFC_DeJager_eQTL,eQTL,ROSMAP,DLPFC,single_context_finemapping,analysis_result/single_context/ROSMAP_eQTL/export/summary/context_specific/DLPFC_DeJager_eQTL.exported.toploci.bed.gz,bulk_brain_eQTL,res_all_single_context_finemapping_cs50orgreater.csv.gz,TRUE,res_all_single_context_finemapping_cs50orgreater_overlapADloci.csv.gz
DLPFC_DeJager_eQTL,eQTL,ROSMAP,DLPFC,multi_gene_finemapping,analysis_result/multi_gene/ROSMAP/export/summary/context_specific/ROSMAP_DLPFC_DeJager_eQTL.exported.toploci.bed.gz,bulk_brain_eQTL,res_all_multi_gene_finemapping_cs50orgreater.csv.gz,TRUE,res_all_multi_gene_finemapping_cs50orgreater_overlapADloci.csv.gz
DLPFC_DeJager_eQTL,eQTL,ROSMAP,DLPFC,LR,analysis_result/marginal_significant_qtl/cis_association/ROSMAP/eQTL/DLPFC/LR/,bulk_brain_eQTL,"",TRUE,""
DLPFC_DeJager_eQTL,eQTL,ROSMAP,DLPFC,msex interaction,analysis_result/marginal_significant_qtl/cis_association/ROSMAP/eQTL/DLPFC/interaction/msex/,bulk_brain_eQTL,res_msex_interaction_summ.csv.gz,TRUE,res_msex_interaction_summ_overlapADloci.csv.gz
DLPFC_DeJager_eQTL,eQTL,ROSMAP,DLPFC,APOE interaction,analysis_result/marginal_significant_qtl/cis_association/ROSMAP/eQTL/DLPFC/interaction/APOE/,bulk_brain_eQTL,res_APOE_interaction_summ.csv.gz,TRUE,res_APOE_interaction_summ_overlapADloci.csv.gz
DLPFC_Klein_gpQTL_adjusted,pQTL,ROSMAP,DLPFC_Klein_adjusted,single_context_finemapping,analysis_result/single_context/ROSMAP_pQTL/export/summary/context_specific/DLPFC_Klein_gpQTL_adjusted.exported.toploci.bed.gz,bulk_brain_gpQTL,res_all_single_context_finemapping_cs50orgreater.csv.gz,TRUE,res_all_single_context_finemapping_cs50orgreater_overlapADloci.csv.gz
DLPFC_Klein_gpQTL_unadjusted,pQTL,ROSMAP,DLPFC_Klein_unadjusted,single_context_finemapping,analysis_result/single_context/ROSMAP_pQTL/export/summary/context_specific/DLPFC_Klein_gpQTL_unadjusted.exported.toploci.bed.gz,bulk_brain_gpQTL,res_all_single_context_finemapping_cs50orgreater.csv.gz,TRUE,res_all_single_context_finemapping_cs50orgreater_overlapADloci.csv.gz
Exc_DeJager_eQTL,eQTL,ROSMAP,Exc_DeJager,single_context_finemapping,analysis_result/single_context/ROSMAP_eQTL/export/summary/context_specific/Exc_DeJager_eQTL.exported.toploci.bed.gz,Exc_eQTL,res_all_single_context_finemapping_cs50orgreater.csv.gz,TRUE,res_all_single_context_finemapping_cs50orgreater_overlapADloci.csv.gz
Exc_DeJager_eQTL,eQTL,ROSMAP,Exc_DeJager,multi_gene_finemapping,analysis_result/multi_gene/ROSMAP/export/summary/context_specific/ROSMAP_Exc_DeJager_eQTL.exported.toploci.bed.gz,Exc_eQTL,res_all_multi_gene_finemapping_cs50orgreater.csv.gz,TRUE,res_all_multi_gene_finemapping_cs50orgreater_overlapADloci.csv.gz
Exc_DeJager_eQTL,eQTL,ROSMAP,snuc_DeJager/Exc,LR,analysis_result/marginal_significant_qtl/cisAssociational/ROSMAP/eQTL/snuc_DeJager/Exc/LR/,Exc_eQTL,"",TRUE,""
Exc_DeJager_eQTL,eQTL,ROSMAP,snuc_DeJager/Exc,msex interaction,analysis_result/marginal_significant_qtl/cis_association/ROSMAP/eQTL/snuc_DeJager/Exc/interaction/msex/,Exc_eQTL,res_msex_interaction_summ.csv.gz,TRUE,res_msex_interaction_summ_overlapADloci.csv.gz
Exc_DeJager_eQTL,eQTL,ROSMAP,snuc_DeJager/Exc,APOE interaction,analysis_result/marginal_significant_qtl/cis_association/ROSMAP/eQTL/snuc_DeJager/Exc/interaction/APOE/,Exc_eQTL,res_APOE_interaction_summ.csv.gz,TRUE,res_APOE_interaction_summ_overlapADloci.csv.gz
Exc_Kellis_eQTL,eQTL,ROSMAP,Exc_Kellis,single_context_finemapping,analysis_result/single_context/ROSMAP_eQTL/export/summary/context_specific/Exc_Kellis_eQTL.exported.toploci.bed.gz,Exc_eQTL,res_all_single_context_finemapping_cs50orgreater.csv.gz,TRUE,res_all_single_context_finemapping_cs50orgreater_overlapADloci.csv.gz
Exc_Kellis_eQTL,eQTL,ROSMAP,snuc_Kellis/Exc,LR,analysis_result/marginal_significant_qtl/cis_association/ROSMAP/eQTL/snuc_Kellis/Exc/LR/,Exc_eQTL,"",TRUE,""
Exc_Kellis_eQTL,eQTL,ROSMAP,snuc_Kellis/Exc,msex interaction,analysis_result/marginal_significant_qtl/cis_association/ROSMAP/eQTL/snuc_Kellis/Exc/interaction/msex/,Exc_eQTL,res_msex_interaction_summ.csv.gz,TRUE,res_msex_interaction_summ_overlapADloci.csv.gz
Exc_Kellis_eQTL,eQTL,ROSMAP,snuc_Kellis/Exc,APOE interaction,analysis_result/marginal_significant_qtl/cis_association/ROSMAP/eQTL/snuc_Kellis/Exc/interaction/APOE/,Exc_eQTL,res_APOE_interaction_summ.csv.gz,TRUE,res_APOE_interaction_summ_overlapADloci.csv.gz
Exc_mega_eQTL,eQTL,ROSMAP,Exc_mega,single_context_finemapping,analysis_result/single_context/ROSMAP_eQTL/export/summary/context_specific/Exc_mega_eQTL.exported.toploci.bed.gz,Exc_eQTL,res_all_single_context_finemapping_cs50orgreater.csv.gz,TRUE,res_all_single_context_finemapping_cs50orgreater_overlapADloci.csv.gz
Exc_mega_eQTL,eQTL,ROSMAP,Exc_mega,multi_gene_finemapping,analysis_result/multi_gene/ROSMAP/export/summary/context_specific/ROSMAP_Exc_mega_eQTL.exported.toploci.bed.gz,Exc_eQTL,res_all_multi_gene_finemapping_cs50orgreater.csv.gz,TRUE,res_all_multi_gene_finemapping_cs50orgreater_overlapADloci.csv.gz
Exc_mega_eQTL,eQTL,ROSMAP,snuc_mega/Exc,LR,analysis_result/marginal_significant_qtl/cis_association/ROSMAP/eQTL/snuc_mega/Exc/LR/,Exc_eQTL,"",TRUE,""
Exc_mega_eQTL,eQTL,ROSMAP,snuc_mega/Exc,msex interaction,analysis_result/marginal_significant_qtl/cis_association/ROSMAP/eQTL/snuc_mega/Exc/interaction/msex/,Exc_eQTL,res_msex_interaction_summ.csv.gz,TRUE,res_msex_interaction_summ_overlapADloci.csv.gz
Exc_mega_eQTL,eQTL,ROSMAP,snuc_mega/Exc,APOE interaction,analysis_result/marginal_significant_qtl/cis_association/ROSMAP/eQTL/snuc_mega/Exc/interaction/APOE/,Exc_eQTL,res_APOE_interaction_summ.csv.gz,TRUE,res_APOE_interaction_summ_overlapADloci.csv.gz
Inh_DeJager_eQTL,eQTL,ROSMAP,Inh_DeJager,single_context_finemapping,analysis_result/single_context/ROSMAP_eQTL/export/summary/context_specific/Inh_DeJager_eQTL.exported.toploci.bed.gz,Inh_eQTL,res_all_single_context_finemapping_cs50orgreater.csv.gz,TRUE,res_all_single_context_finemapping_cs50orgreater_overlapADloci.csv.gz
Inh_DeJager_eQTL,eQTL,ROSMAP,Inh_DeJager,multi_gene_finemapping,analysis_result/multi_gene/ROSMAP/export/summary/context_specific/ROSMAP_Inh_DeJager_eQTL.exported.toploci.bed.gz,Inh_eQTL,res_all_multi_gene_finemapping_cs50orgreater.csv.gz,TRUE,res_all_multi_gene_finemapping_cs50orgreater_overlapADloci.csv.gz
Inh_DeJager_eQTL,eQTL,ROSMAP,snuc_DeJager/Inh,LR,analysis_result/marginal_significant_qtl/cis_association/ROSMAP/eQTL/snuc_DeJager/Inh/LR/,Inh_eQTL,"",TRUE,""
Inh_DeJager_eQTL,eQTL,ROSMAP,snuc_DeJager/Inh,msex interaction,analysis_result/marginal_significant_qtl/cis_association/ROSMAP/eQTL/snuc_DeJager/Inh/interaction/msex/,Inh_eQTL,res_msex_interaction_summ.csv.gz,TRUE,res_msex_interaction_summ_overlapADloci.csv.gz
Inh_DeJager_eQTL,eQTL,ROSMAP,snuc_DeJager/Inh,APOE interaction,analysis_result/marginal_significant_qtl/cis_association/ROSMAP/eQTL/snuc_DeJager/Inh/interaction/APOE/,Inh_eQTL,res_APOE_interaction_summ.csv.gz,TRUE,res_APOE_interaction_summ_overlapADloci.csv.gz
Inh_Kellis_eQTL,eQTL,ROSMAP,Inh_Kellis,single_context_finemapping,analysis_result/single_context/ROSMAP_eQTL/export/summary/context_specific/Inh_Kellis_eQTL.exported.toploci.bed.gz,Inh_eQTL,res_all_single_context_finemapping_cs50orgreater.csv.gz,TRUE,res_all_single_context_finemapping_cs50orgreater_overlapADloci.csv.gz
Inh_Kellis_eQTL,eQTL,ROSMAP,snuc_Kellis/Inh,LR,analysis_result/marginal_significant_qtl/cis_association/ROSMAP/eQTL/snuc_Kellis/Inh/LR/,Inh_eQTL,"",TRUE,""
Inh_Kellis_eQTL,eQTL,ROSMAP,snuc_Kellis/Inh,msex interaction,analysis_result/marginal_significant_qtl/cis_association/ROSMAP/eQTL/snuc_Kellis/Inh/interaction/msex/,Inh_eQTL,res_msex_interaction_summ.csv.gz,TRUE,res_msex_interaction_summ_overlapADloci.csv.gz
Inh_Kellis_eQTL,eQTL,ROSMAP,snuc_Kellis/Inh,APOE interaction,analysis_result/marginal_significant_qtl/cis_association/ROSMAP/eQTL/snuc_Kellis/Inh/interaction/APOE/,Inh_eQTL,res_APOE_interaction_summ.csv.gz,TRUE,res_APOE_interaction_summ_overlapADloci.csv.gz
Inh_mega_eQTL,eQTL,ROSMAP,Inh_mega,single_context_finemapping,analysis_result/single_context/ROSMAP_eQTL/export/summary/context_specific/Inh_mega_eQTL.exported.toploci.bed.gz,Inh_eQTL,res_all_single_context_finemapping_cs50orgreater.csv.gz,TRUE,res_all_single_context_finemapping_cs50orgreater_overlapADloci.csv.gz
Inh_mega_eQTL,eQTL,ROSMAP,Inh_mega,multi_gene_finemapping,analysis_result/multi_gene/ROSMAP/export/summary/context_specific/ROSMAP_Inh_mega_eQTL.exported.toploci.bed.gz,Inh_eQTL,res_all_multi_gene_finemapping_cs50orgreater.csv.gz,TRUE,res_all_multi_gene_finemapping_cs50orgreater_overlapADloci.csv.gz
Inh_mega_eQTL,eQTL,ROSMAP,snuc_mega/Inh,LR,analysis_result/marginal_significant_qtl/cis_association/ROSMAP/eQTL/snuc_mega/Inh/LR/,Inh_eQTL,"",TRUE,""
Inh_mega_eQTL,eQTL,ROSMAP,snuc_mega/Inh,msex interaction,analysis_result/marginal_significant_qtl/cis_association/ROSMAP/eQTL/snuc_mega/Inh/interaction/msex/,Inh_eQTL,res_msex_interaction_summ.csv.gz,TRUE,res_msex_interaction_summ_overlapADloci.csv.gz
Inh_mega_eQTL,eQTL,ROSMAP,snuc_mega/Inh,APOE interaction,analysis_result/marginal_significant_qtl/cis_association/ROSMAP/eQTL/snuc_mega/Inh/interaction/APOE/,Inh_eQTL,res_APOE_interaction_summ.csv.gz,TRUE,res_APOE_interaction_summ_overlapADloci.csv.gz
KnightADRC_mQTL,mQTL,KNIGHT,Brain,fSuSiE_finemapping,analysis_result/finemapping_twas/fsusie/export/summary/context_specific/KnightADRC_mQTL.exported.toploci.bed.gz,bulk_brain_mQTL,res_all_fsusie_finemapping_cs95.csv.gz,TRUE,res_all_fsusie_finemapping_cs95_overlapADloci.csv.gz
Knight_eQTL_brain,eQTL,KNIGHT,Brain,single_context_finemapping,analysis_result/single_context/KNIGHT_eQTL/export/summary/context_specific/Knight_eQTL_brain.exported.toploci.bed.gz,bulk_brain_eQTL,res_all_single_context_finemapping_cs50orgreater.csv.gz,TRUE,res_all_single_context_finemapping_cs50orgreater_overlapADloci.csv.gz
Knight_eQTL_brain,eQTL,KNIGHT,Brain,LR,analysis_result/marginal_significant_qtl/cis_association/KNIGHT/eQTL/Brain/LR/,bulk_brain_eQTL,"",TRUE,""
Knight_eQTL_brain,eQTL,KNIGHT,Brain,msex interaction,analysis_result/marginal_significant_qtl/cis_association/KNIGHT/eQTL/Brain/interaction/msex/,bulk_brain_eQTL,res_msex_interaction_summ.csv.gz,TRUE,res_msex_interaction_summ_overlapADloci.csv.gz
Knight_pQTL_brain,pQTL,KNIGHT,Brain,single_context_finemapping,analysis_result/single_context/KNIGHT_pQTL/export/summary/context_specific/Knight_pQTL_brain.exported.toploci.bed.gz,bulk_brain_pQTL,res_all_single_context_finemapping_cs50orgreater.csv.gz,TRUE,res_all_single_context_finemapping_cs50orgreater_overlapADloci.csv.gz
Knight_pQTL_brain,pQTL,KNIGHT,Brain,LR,analysis_result/marginal_significant_qtl/cis_association/KNIGHT/pQTL/Brain/LR/,bulk_brain_pQTL,"",TRUE,""
Knight_pQTL_brain,pQTL,KNIGHT,Brain,msex interaction,analysis_result/marginal_significant_qtl/cis_association/KNIGHT/pQTL/Brain/interaction/msex/,bulk_brain_pQTL,res_msex_interaction_summ.csv.gz,TRUE,res_msex_interaction_summ_overlapADloci.csv.gz
MSBB_BM36_pQTL,pQTL,MSBB,BM_36,single_context_finemapping,analysis_result/single_context/MSBB_pQTL/export/summary/context_specific/MSBB_BM36_pQTL.exported.toploci.bed.gz,bulk_brain_pQTL,res_all_single_context_finemapping_cs50orgreater.csv.gz,TRUE,res_all_single_context_finemapping_cs50orgreater_overlapADloci.csv.gz
MSBB_BM36_pQTL,pQTL,MSBB,-,LR,analysis_result/marginal_significant_qtl/cis_association/MSBB/pQTL/LR/,bulk_brain_pQTL,"",TRUE,""
MSBB_BM36_pQTL,pQTL,MSBB,-,msex interaction,analysis_result/marginal_significant_qtl/cis_association/MSBB/pQTL/interaction/msex/,bulk_brain_pQTL,res_msex_interaction_summ.csv.gz,TRUE,res_msex_interaction_summ_overlapADloci.csv.gz
MSBB_mQTL,mQTL,MSBB,Brain,fSuSiE_finemapping,analysis_result/finemapping_twas/fsusie/export/summary/context_specific/MSBB_mQTL.exported.toploci.bed.gz,bulk_brain_mQTL,res_all_fsusie_finemapping_cs95.csv.gz,TRUE,res_all_fsusie_finemapping_cs95_overlapADloci.csv.gz
Metabrain_Basalganglia,eQTL,MetaBrain,Basalganglia,single_context_finemapping,analysis_result/single_context/MetaBrain/export/summary/context_specific/Metabrain_Basalganglia.exported.toploci.bed.gz,bulk_brain_eQTL,res_all_single_context_finemapping_cs50orgreater.csv.gz,TRUE,res_all_single_context_finemapping_cs50orgreater_overlapADloci.csv.gz
Metabrain_Cerebellum,eQTL,MetaBrain,Cerebellum,single_context_finemapping,analysis_result/single_context/MetaBrain/export/summary/context_specific/Metabrain_Cerebellum.exported.toploci.bed.gz,bulk_brain_eQTL,res_all_single_context_finemapping_cs50orgreater.csv.gz,TRUE,res_all_single_context_finemapping_cs50orgreater_overlapADloci.csv.gz
Metabrain_Cortex,eQTL,MetaBrain,Cortex,single_context_finemapping,analysis_result/single_context/MetaBrain/export/summary/context_specific/Metabrain_Cortex.exported.toploci.bed.gz,bulk_brain_eQTL,res_all_single_context_finemapping_cs50orgreater.csv.gz,TRUE,res_all_single_context_finemapping_cs50orgreater_overlapADloci.csv.gz
Metabrain_Hippocampus,eQTL,MetaBrain,Hippocampus,single_context_finemapping,analysis_result/single_context/MetaBrain/export/summary/context_specific/Metabrain_Hippocampus.exported.toploci.bed.gz,bulk_brain_eQTL,res_all_single_context_finemapping_cs50orgreater.csv.gz,TRUE,res_all_single_context_finemapping_cs50orgreater_overlapADloci.csv.gz
Metabrain_Spinalcord,eQTL,MetaBrain,Spinalcord,single_context_finemapping,analysis_result/single_context/MetaBrain/export/summary/context_specific/Metabrain_Spinalcord.exported.toploci.bed.gz,bulk_brain_eQTL,res_all_single_context_finemapping_cs50orgreater.csv.gz,TRUE,res_all_single_context_finemapping_cs50orgreater_overlapADloci.csv.gz
MiGA_GFM_eQTL,eQTL,MiGA,GFM,single_context_finemapping,analysis_result/single_context/MiGA_eQTL/export/summary/context_specific/MiGA_GFM_eQTL.exported.toploci.bed.gz,bulk_microglia_eQTL,res_all_single_context_finemapping_cs50orgreater.csv.gz,TRUE,res_all_single_context_finemapping_cs50orgreater_overlapADloci.csv.gz
MiGA_GFM_eQTL,eQTL,MiGA,GFM,LR,analysis_result/marginal_significant_qtl/cis_association/MiGA/eQTL/GFM/LR/,bulk_microglia_eQTL,"",TRUE,""
MiGA_GFM_eQTL,eQTL,MiGA,GFM,msex interaction,analysis_result/marginal_significant_qtl/cis_association/MiGA/eQTL/GFM/interaction/msex/,bulk_microglia_eQTL,res_msex_interaction_summ.csv.gz,TRUE,res_msex_interaction_summ_overlapADloci.csv.gz
MiGA_GTS_eQTL,eQTL,MiGA,GTS,single_context_finemapping,analysis_result/single_context/MiGA_eQTL/export/summary/context_specific/MiGA_GTS_eQTL.exported.toploci.bed.gz,bulk_microglia_eQTL,res_all_single_context_finemapping_cs50orgreater.csv.gz,TRUE,res_all_single_context_finemapping_cs50orgreater_overlapADloci.csv.gz
MiGA_GTS_eQTL,eQTL,MiGA,GTS,LR,analysis_result/marginal_significant_qtl/cis_association/MiGA/eQTL/GTS/LR/,bulk_microglia_eQTL,"",TRUE,""
MiGA_GTS_eQTL,eQTL,MiGA,GTS,msex interaction,analysis_result/marginal_significant_qtl/cis_association/MiGA/eQTL/GTS/interaction/msex/,bulk_microglia_eQTL,res_msex_interaction_summ.csv.gz,TRUE,res_msex_interaction_summ_overlapADloci.csv.gz
MiGA_SVZ_eQTL,eQTL,MiGA,SVZ,single_context_finemapping,analysis_result/single_context/MiGA_eQTL/export/summary/context_specific/MiGA_SVZ_eQTL.exported.toploci.bed.gz,bulk_microglia_eQTL,res_all_single_context_finemapping_cs50orgreater.csv.gz,TRUE,res_all_single_context_finemapping_cs50orgreater_overlapADloci.csv.gz
MiGA_SVZ_eQTL,eQTL,MiGA,SVZ,LR,analysis_result/marginal_significant_qtl/cis_association/MiGA/eQTL/SVZ/LR/,bulk_microglia_eQTL,"",TRUE,""
MiGA_SVZ_eQTL,eQTL,MiGA,SVZ,msex interaction,analysis_result/marginal_significant_qtl/cis_association/MiGA/eQTL/SVZ/interaction/msex/,bulk_microglia_eQTL,res_msex_interaction_summ.csv.gz,TRUE,res_msex_interaction_summ_overlapADloci.csv.gz
MiGA_THA_eQTL,eQTL,MiGA,THA,single_context_finemapping,analysis_result/single_context/MiGA_eQTL/export/summary/context_specific/MiGA_THA_eQTL.exported.toploci.bed.gz,bulk_microglia_eQTL,res_all_single_context_finemapping_cs50orgreater.csv.gz,TRUE,res_all_single_context_finemapping_cs50orgreater_overlapADloci.csv.gz
MiGA_THA_eQTL,eQTL,MiGA,THA,LR,analysis_result/marginal_significant_qtl/cis_association/MiGA/eQTL/THA/LR/,bulk_microglia_eQTL,"",TRUE,""
MiGA_THA_eQTL,eQTL,MiGA,THA,msex interaction,analysis_result/marginal_significant_qtl/cis_association/MiGA/eQTL/THA/interaction/msex/,bulk_microglia_eQTL,res_msex_interaction_summ.csv.gz,TRUE,res_msex_interaction_summ_overlapADloci.csv.gz
Mic_12_Kellis_eQTL,eQTL,ROSMAP,Mic_12_Kellis,single_context_finemapping,analysis_result/single_context/ROSMAP_eQTL/export/summary/context_specific/Mic_12_Kellis_eQTL.exported.toploci.bed.gz,Mic_eQTL,res_all_single_context_finemapping_cs50orgreater.csv.gz,TRUE,res_all_single_context_finemapping_cs50orgreater_overlapADloci.csv.gz
Mic_13_Kellis_eQTL,eQTL,ROSMAP,Mic_13_Kellis,single_context_finemapping,analysis_result/single_context/ROSMAP_eQTL/export/summary/context_specific/Mic_13_Kellis_eQTL.exported.toploci.bed.gz,Mic_eQTL,res_all_single_context_finemapping_cs50orgreater.csv.gz,TRUE,res_all_single_context_finemapping_cs50orgreater_overlapADloci.csv.gz
Mic_DeJager_eQTL,eQTL,ROSMAP,Mic_DeJager,single_context_finemapping,analysis_result/single_context/ROSMAP_eQTL/export/summary/context_specific/Mic_DeJager_eQTL.exported.toploci.bed.gz,Mic_eQTL,res_all_single_context_finemapping_cs50orgreater.csv.gz,TRUE,res_all_single_context_finemapping_cs50orgreater_overlapADloci.csv.gz
Mic_DeJager_eQTL,eQTL,ROSMAP,Mic_DeJager,multi_gene_finemapping,analysis_result/multi_gene/ROSMAP/export/summary/context_specific/ROSMAP_Mic_DeJager_eQTL.exported.toploci.bed.gz,Mic_eQTL,res_all_multi_gene_finemapping_cs50orgreater.csv.gz,TRUE,res_all_multi_gene_finemapping_cs50orgreater_overlapADloci.csv.gz
Mic_DeJager_eQTL,eQTL,ROSMAP,snuc_DeJager/Mic,LR,analysis_result/marginal_significant_qtl/cis_association/ROSMAP/eQTL/snuc_DeJager/Mic/LR/,Mic_eQTL,"",TRUE,""
Mic_DeJager_eQTL,eQTL,ROSMAP,snuc_DeJager/Mic,msex interaction,analysis_result/marginal_significant_qtl/cis_association/ROSMAP/eQTL/snuc_DeJager/Mic/interaction/msex/,Mic_eQTL,res_msex_interaction_summ.csv.gz,TRUE,res_msex_interaction_summ_overlapADloci.csv.gz
Mic_DeJager_eQTL,eQTL,ROSMAP,snuc_DeJager/Mic,APOE interaction,analysis_result/marginal_significant_qtl/cis_association/ROSMAP/eQTL/snuc_DeJager/Mic/interaction/APOE/,Mic_eQTL,res_APOE_interaction_summ.csv.gz,TRUE,res_APOE_interaction_summ_overlapADloci.csv.gz
Mic_Kellis_eQTL,eQTL,ROSMAP,Mic_Kellis,single_context_finemapping,analysis_result/single_context/ROSMAP_eQTL/export/summary/context_specific/Mic_Kellis_eQTL.exported.toploci.bed.gz,Mic_eQTL,res_all_single_context_finemapping_cs50orgreater.csv.gz,TRUE,res_all_single_context_finemapping_cs50orgreater_overlapADloci.csv.gz
Mic_Kellis_eQTL,eQTL,ROSMAP,snuc_Kellis/Ast,LR,analysis_result/marginal_significant_qtl/cis_association/ROSMAP/eQTL/snuc_Kellis/Ast/LR/,Mic_eQTL,"",TRUE,""
Mic_Kellis_eQTL,eQTL,ROSMAP,snuc_Kellis/Mic,LR,analysis_result/marginal_significant_qtl/cis_association/ROSMAP/eQTL/snuc_Kellis/Mic/LR/,Mic_eQTL,"",TRUE,""
Mic_Kellis_eQTL,eQTL,ROSMAP,snuc_Kellis/Ast,msex interaction,analysis_result/marginal_significant_qtl/cis_association/ROSMAP/eQTL/snuc_Kellis/Ast/interaction/msex/,Mic_eQTL,res_msex_interaction_summ.csv.gz,TRUE,res_msex_interaction_summ_overlapADloci.csv.gz
Mic_Kellis_eQTL,eQTL,ROSMAP,snuc_Kellis/Mic,msex interaction,analysis_result/marginal_significant_qtl/cis_association/ROSMAP/eQTL/snuc_Kellis/Mic/interaction/msex/,Mic_eQTL,res_msex_interaction_summ.csv.gz,TRUE,res_msex_interaction_summ_overlapADloci.csv.gz
Mic_Kellis_eQTL,eQTL,ROSMAP,snuc_Kellis/Ast,APOE interaction,analysis_result/marginal_significant_qtl/cis_association/ROSMAP/eQTL/snuc_Kellis/Ast/interaction/APOE/,Mic_eQTL,res_APOE_interaction_summ.csv.gz,TRUE,res_APOE_interaction_summ_overlapADloci.csv.gz
Mic_Kellis_eQTL,eQTL,ROSMAP,snuc_Kellis/Mic,APOE interaction,analysis_result/marginal_significant_qtl/cis_association/ROSMAP/eQTL/snuc_Kellis/Mic/interaction/APOE/,Mic_eQTL,res_APOE_interaction_summ.csv.gz,TRUE,res_APOE_interaction_summ_overlapADloci.csv.gz
Mic_mega_eQTL,eQTL,ROSMAP,Mic_mega,single_context_finemapping,analysis_result/single_context/ROSMAP_eQTL/export/summary/context_specific/Mic_mega_eQTL.exported.toploci.bed.gz,Mic_eQTL,res_all_single_context_finemapping_cs50orgreater.csv.gz,TRUE,res_all_single_context_finemapping_cs50orgreater_overlapADloci.csv.gz
Mic_mega_eQTL,eQTL,ROSMAP,Mic_mega,multi_gene_finemapping,analysis_result/multi_gene/ROSMAP/export/summary/context_specific/ROSMAP_Mic_mega_eQTL.exported.toploci.bed.gz,Mic_eQTL,res_all_multi_gene_finemapping_cs50orgreater.csv.gz,TRUE,res_all_multi_gene_finemapping_cs50orgreater_overlapADloci.csv.gz
Mic_mega_eQTL,eQTL,ROSMAP,snuc_mega/Mic,LR,analysis_result/marginal_significant_qtl/cis_association/ROSMAP/eQTL/snuc_mega/Mic/LR/,Mic_eQTL,"",TRUE,""
Mic_mega_eQTL,eQTL,ROSMAP,snuc_mega/Mic,msex interaction,analysis_result/marginal_significant_qtl/cis_association/ROSMAP/eQTL/snuc_mega/Mic/interaction/msex/,Mic_eQTL,res_msex_interaction_summ.csv.gz,TRUE,res_msex_interaction_summ_overlapADloci.csv.gz
Mic_mega_eQTL,eQTL,ROSMAP,snuc_mega/Mic,APOE interaction,analysis_result/marginal_significant_qtl/cis_association/ROSMAP/eQTL/snuc_mega/Mic/interaction/APOE/,Mic_eQTL,res_APOE_interaction_summ.csv.gz,TRUE,res_APOE_interaction_summ_overlapADloci.csv.gz
Multi,Multi,MSBB,All,multi_context_finemapping,analysis_result/multi_context/MSBB/export/summary/MSBB.exported.toploci.bed.gz,"",res_all_multi_context_finemapping_cs50orgreater_lfsr0.01.csv.gz,TRUE,res_all_multi_context_finemapping_cs50orgreater_lfsr0.01_overlapADloci.csv.gz
Multi,Multi,ROSMAP,All,multi_context_finemapping,analysis_result/multi_context/ROSMAP/export/summary/ROSMAP.exported.toploci.bed.gz,"",res_all_multi_context_finemapping_cs50orgreater_lfsr0.01.csv.gz,TRUE,res_all_multi_context_finemapping_cs50orgreater_lfsr0.01_overlapADloci.csv.gz
Multi,QTL,ROSMAP,xQTL_only_colocalization,ColocBoost,analysis_result/ColocBoost/export/summary/xqtl_only_colocboost_export_filtered.bed.gz,"","",TRUE,""
Multi,QTL & GWAS,ROSMAP & AD,AD_xQTL_colocalization,ColocBoost,analysis_result/ColocBoost/export/summary/ad_xqtl_colocboost_export_filtered.bed.gz,"",res_coloc_AD_xQTL_unified_withFP_andAllCoS_any0.8ANDmin0.5_converged.csv.gz,TRUE,res_coloc_AD_xQTL_unified_withFP_andAllCoS_any0.8ANDmin0.5_converged_overlapADloci.csv.gz
Multi,QTL,MSBB,xQTL_only_colocalization,ColocBoost,analysis_result/ColocBoost/export/summary_Jun2025/xqtl_only_MSBB_colocboost_export_release_sorted.bed.gz,"","",TRUE,""
Multi,QTL & GWAS,MSBB & AD,AD_xQTL_colocalization,ColocBoost,analysis_result/ColocBoost/export/summary_Jun2025/AD_xQTL_MSBB_colocboost_export_release_sorted.bed.gz,"",res_coloc_AD_xQTL_unified_withFP_andAllCoS_any0.8ANDmin0.5_converged.csv.gz,TRUE,res_coloc_AD_xQTL_unified_withFP_andAllCoS_any0.8ANDmin0.5_converged_overlapADloci.csv.gz
Multi,QTL,KNIGHT,xQTL_only_colocalization,ColocBoost,analysis_result/ColocBoost/export/summary_Jun2025/xqtl_only_KNIGHT_colocboost_export_release_sorted.bed.gz,"","",TRUE,""
Multi,QTL & GWAS,KNIGHT & AD,AD_xQTL_colocalization,ColocBoost,analysis_result/ColocBoost/export/summary_Jun2025/AD_xQTL_KNIGHT_colocboost_export_release_sorted.bed.gz,"",res_coloc_AD_xQTL_unified_withFP_andAllCoS_any0.8ANDmin0.5_converged.csv.gz,TRUE,res_coloc_AD_xQTL_unified_withFP_andAllCoS_any0.8ANDmin0.5_converged_overlapADloci.csv.gz
Multi,QTL,MIGA,xQTL_only_colocalization,ColocBoost,analysis_result/ColocBoost/export/summary_Jun2025/xqtl_only_MIGA_colocboost_export_release_sorted.bed.gz,"","",TRUE,""
Multi,QTL & GWAS,MIGA & AD,AD_xQTL_colocalization,ColocBoost,analysis_result/ColocBoost/export/summary_Jun2025/AD_xQTL_MIGA_colocboost_export_release_sorted.bed.gz,"",res_coloc_AD_xQTL_unified_withFP_andAllCoS_any0.8ANDmin0.5_converged.csv.gz,TRUE,res_coloc_AD_xQTL_unified_withFP_andAllCoS_any0.8ANDmin0.5_converged_overlapADloci.csv.gz
Multi,GWAS,AD,AD_meta_colocalization,ColocBoost,analysis_result/ColocBoost/export/summary/ad_meta_colocboost_export_filtered.bed.gz,"",res_coloc_meta_AD_unified_withFP_andAllCoS_any0.8ANDmin0.5_converged.csv.gz,TRUE,res_coloc_meta_AD_unified_withFP_andAllCoS_any0.8ANDmin0.5_converged_overlapADloci.csv.gz
Multi,Gene & GWAS,ROSMAP & MSBB & AD,-,twas,analysis_result/twas/export/summary/FunGen_twas.exported.bed.gz,"",res_AD_XWAS_MR_filtered_TWAS_sig.csv.gz,FALSE,res_AD_XWAS_MR_filtered_TWAS_sig_overlapADloci.csv.gz
Multi,Gene & GWAS,ROSMAP & AD,-,ctwas,analysis_result/ctwas/export/summary/FunGen_ctwas.exported.bed.gz,"","",TRUE,""
OPC_DeJager_eQTL,eQTL,ROSMAP,OPC_DeJager,single_context_finemapping,analysis_result/single_context/ROSMAP_eQTL/export/summary/context_specific/OPC_DeJager_eQTL.exported.toploci.bed.gz,OPC_eQTL,res_all_single_context_finemapping_cs50orgreater.csv.gz,TRUE,res_all_single_context_finemapping_cs50orgreater_overlapADloci.csv.gz
OPC_DeJager_eQTL,eQTL,ROSMAP,OPC_DeJager,multi_gene_finemapping,analysis_result/multi_gene/ROSMAP/export/summary/context_specific/ROSMAP_OPC_DeJager_eQTL.exported.toploci.bed.gz,OPC_eQTL,res_all_multi_gene_finemapping_cs50orgreater.csv.gz,TRUE,res_all_multi_gene_finemapping_cs50orgreater_overlapADloci.csv.gz
OPC_DeJager_eQTL,eQTL,ROSMAP,snuc_DeJager/OPC,LR,analysis_result/marginal_significant_qtl/cis_association/ROSMAP/eQTL/snuc_DeJager/OPC/LR/,OPC_eQTL,"",TRUE,""
OPC_DeJager_eQTL,eQTL,ROSMAP,snuc_DeJager/OPC,msex interaction,analysis_result/marginal_significant_qtl/cis_association/ROSMAP/eQTL/snuc_DeJager/OPC/interaction/msex/,OPC_eQTL,res_msex_interaction_summ.csv.gz,TRUE,res_msex_interaction_summ_overlapADloci.csv.gz
OPC_DeJager_eQTL,eQTL,ROSMAP,snuc_DeJager/OPC,APOE interaction,analysis_result/marginal_significant_qtl/cis_association/ROSMAP/eQTL/snuc_DeJager/OPC/interaction/APOE/,OPC_eQTL,res_APOE_interaction_summ.csv.gz,TRUE,res_APOE_interaction_summ_overlapADloci.csv.gz
OPC_Kellis_eQTL,eQTL,ROSMAP,OPC_Kellis,single_context_finemapping,analysis_result/single_context/ROSMAP_eQTL/export/summary/context_specific/OPC_Kellis_eQTL.exported.toploci.bed.gz,OPC_eQTL,res_all_single_context_finemapping_cs50orgreater.csv.gz,TRUE,res_all_single_context_finemapping_cs50orgreater_overlapADloci.csv.gz
OPC_Kellis_eQTL,eQTL,ROSMAP,snuc_Kellis/OPC,LR,analysis_result/marginal_significant_qtl/cis_association/ROSMAP/eQTL/snuc_Kellis/OPC/LR/,OPC_eQTL,"",TRUE,""
OPC_Kellis_eQTL,eQTL,ROSMAP,snuc_Kellis/OPC,msex interaction,analysis_result/marginal_significant_qtl/cis_association/ROSMAP/eQTL/snuc_Kellis/OPC/interaction/msex/,OPC_eQTL,res_msex_interaction_summ.csv.gz,TRUE,res_msex_interaction_summ_overlapADloci.csv.gz
OPC_Kellis_eQTL,eQTL,ROSMAP,snuc_Kellis/OPC,APOE interaction,analysis_result/marginal_significant_qtl/cis_association/ROSMAP/eQTL/snuc_Kellis/OPC/interaction/APOE/,OPC_eQTL,res_APOE_interaction_summ.csv.gz,TRUE,res_APOE_interaction_summ_overlapADloci.csv.gz
OPC_mega_eQTL,eQTL,ROSMAP,OPC_mega,single_context_finemapping,analysis_result/single_context/ROSMAP_eQTL/export/summary/context_specific/OPC_mega_eQTL.exported.toploci.bed.gz,OPC_eQTL,res_all_single_context_finemapping_cs50orgreater.csv.gz,TRUE,res_all_single_context_finemapping_cs50orgreater_overlapADloci.csv.gz
OPC_mega_eQTL,eQTL,ROSMAP,OPC_mega,multi_gene_finemapping,analysis_result/multi_gene/ROSMAP/export/summary/context_specific/ROSMAP_OPC_mega_eQTL.exported.toploci.bed.gz,OPC_eQTL,res_all_multi_gene_finemapping_cs50orgreater.csv.gz,TRUE,res_all_multi_gene_finemapping_cs50orgreater_overlapADloci.csv.gz
OPC_mega_eQTL,eQTL,ROSMAP,snuc_mega/OPC,LR,analysis_result/marginal_significant_qtl/cis_association/ROSMAP/eQTL/snuc_mega/OPC/LR/,OPC_eQTL,"",TRUE,""
OPC_mega_eQTL,eQTL,ROSMAP,snuc_mega/OPC,msex interaction,analysis_result/marginal_significant_qtl/cis_association/ROSMAP/eQTL/snuc_mega/OPC/interaction/msex/,OPC_eQTL,res_msex_interaction_summ.csv.gz,TRUE,res_msex_interaction_summ_overlapADloci.csv.gz
OPC_mega_eQTL,eQTL,ROSMAP,snuc_mega/OPC,APOE interaction,analysis_result/marginal_significant_qtl/cis_association/ROSMAP/eQTL/snuc_mega/OPC/interaction/APOE/,OPC_eQTL,res_APOE_interaction_summ.csv.gz,TRUE,res_APOE_interaction_summ_overlapADloci.csv.gz
Oli_DeJager_eQTL,eQTL,ROSMAP,Oli_DeJager,single_context_finemapping,analysis_result/single_context/ROSMAP_eQTL/export/summary/context_specific/Oli_DeJager_eQTL.exported.toploci.bed.gz,Oli_eQTL,res_all_single_context_finemapping_cs50orgreater.csv.gz,TRUE,res_all_single_context_finemapping_cs50orgreater_overlapADloci.csv.gz
Oli_DeJager_eQTL,eQTL,ROSMAP,Oli_DeJager,multi_gene_finemapping,analysis_result/multi_gene/ROSMAP/export/summary/context_specific/ROSMAP_Oli_DeJager_eQTL.exported.toploci.bed.gz,Oli_eQTL,res_all_multi_gene_finemapping_cs50orgreater.csv.gz,TRUE,res_all_multi_gene_finemapping_cs50orgreater_overlapADloci.csv.gz
Oli_DeJager_eQTL,eQTL,ROSMAP,snuc_DeJager/Oli,LR,analysis_result/marginal_significant_qtl/cis_association/ROSMAP/eQTL/snuc_DeJager/Oli/LR/,Oli_eQTL,"",TRUE,""
Oli_DeJager_eQTL,eQTL,ROSMAP,snuc_DeJager/Oli,msex interaction,analysis_result/marginal_significant_qtl/cis_association/ROSMAP/eQTL/snuc_DeJager/Oli/interaction/msex/,Oli_eQTL,res_msex_interaction_summ.csv.gz,TRUE,res_msex_interaction_summ_overlapADloci.csv.gz
Oli_DeJager_eQTL,eQTL,ROSMAP,snuc_DeJager/Oli,APOE interaction,analysis_result/marginal_significant_qtl/cis_association/ROSMAP/eQTL/snuc_DeJager/Oli/interaction/APOE/,Oli_eQTL,res_APOE_interaction_summ.csv.gz,TRUE,res_APOE_interaction_summ_overlapADloci.csv.gz
Oli_Kellis_eQTL,eQTL,ROSMAP,Oli_Kellis,single_context_finemapping,analysis_result/single_context/ROSMAP_eQTL/export/summary/context_specific/Oli_Kellis_eQTL.exported.toploci.bed.gz,Oli_eQTL,res_all_single_context_finemapping_cs50orgreater.csv.gz,TRUE,res_all_single_context_finemapping_cs50orgreater_overlapADloci.csv.gz
Oli_Kellis_eQTL,eQTL,ROSMAP,snuc_Kellis/Oli,LR,analysis_result/marginal_significant_qtl/cis_association/ROSMAP/eQTL/snuc_Kellis/Oli/LR/,Oli_eQTL,"",TRUE,""
Oli_Kellis_eQTL,eQTL,ROSMAP,snuc_Kellis/Oli,msex interaction,analysis_result/marginal_significant_qtl/cis_association/ROSMAP/eQTL/snuc_Kellis/Oli/interaction/msex/,Oli_eQTL,res_msex_interaction_summ.csv.gz,TRUE,res_msex_interaction_summ_overlapADloci.csv.gz
Oli_Kellis_eQTL,eQTL,ROSMAP,snuc_Kellis/Oli,APOE interaction,analysis_result/marginal_significant_qtl/cis_association/ROSMAP/eQTL/snuc_Kellis/Oli/interaction/APOE/,Oli_eQTL,res_APOE_interaction_summ.csv.gz,TRUE,res_APOE_interaction_summ_overlapADloci.csv.gz
Oli_mega_eQTL,eQTL,ROSMAP,Oli_mega,single_context_finemapping,analysis_result/single_context/ROSMAP_eQTL/export/summary/context_specific/Oli_mega_eQTL.exported.toploci.bed.gz,Oli_eQTL,res_all_single_context_finemapping_cs50orgreater.csv.gz,TRUE,res_all_single_context_finemapping_cs50orgreater_overlapADloci.csv.gz
Oli_mega_eQTL,eQTL,ROSMAP,Oli_mega,multi_gene_finemapping,analysis_result/multi_gene/ROSMAP/export/summary/context_specific/ROSMAP_Oli_mega_eQTL.exported.toploci.bed.gz,Oli_eQTL,res_all_multi_gene_finemapping_cs50orgreater.csv.gz,TRUE,res_all_multi_gene_finemapping_cs50orgreater_overlapADloci.csv.gz
Oli_mega_eQTL,eQTL,ROSMAP,snuc_mega/Oli,LR,analysis_result/marginal_significant_qtl/cis_association/ROSMAP/eQTL/snuc_mega/Oli/LR/,Oli_eQTL,"",TRUE,""
Oli_mega_eQTL,eQTL,ROSMAP,snuc_mega/Oli,msex interaction,analysis_result/marginal_significant_qtl/cis_association/ROSMAP/eQTL/snuc_mega/Oli/interaction/msex/,Oli_eQTL,res_msex_interaction_summ.csv.gz,TRUE,res_msex_interaction_summ_overlapADloci.csv.gz
Oli_mega_eQTL,eQTL,ROSMAP,snuc_mega/Oli,APOE interaction,analysis_result/marginal_significant_qtl/cis_association/ROSMAP/eQTL/snuc_mega/Oli/interaction/APOE/,Oli_eQTL,res_APOE_interaction_summ.csv.gz,TRUE,res_APOE_interaction_summ_overlapADloci.csv.gz
PCC_DeJager_eQTL,eQTL,ROSMAP,PCC,single_context_finemapping,analysis_result/single_context/ROSMAP_eQTL/export/summary/context_specific/PCC_DeJager_eQTL.exported.toploci.bed.gz,bulk_brain_eQTL,res_all_single_context_finemapping_cs50orgreater.csv.gz,TRUE,res_all_single_context_finemapping_cs50orgreater_overlapADloci.csv.gz
PCC_DeJager_eQTL,eQTL,ROSMAP,PCC,multi_gene_finemapping,analysis_result/multi_gene/ROSMAP/export/summary/context_specific/ROSMAP_PCC_DeJager_eQTL.exported.toploci.bed.gz,bulk_brain_eQTL,res_all_multi_gene_finemapping_cs50orgreater.csv.gz,TRUE,res_all_multi_gene_finemapping_cs50orgreater_overlapADloci.csv.gz
PCC_DeJager_eQTL,eQTL,ROSMAP,PCC,LR,analysis_result/marginal_significant_qtl/cis_association/ROSMAP/eQTL/PCC/LR/,bulk_brain_eQTL,"",TRUE,""
PCC_DeJager_eQTL,eQTL,ROSMAP,PCC,msex interaction,analysis_result/marginal_significant_qtl/cis_association/ROSMAP/eQTL/PCC/interaction/msex/,bulk_brain_eQTL,res_msex_interaction_summ.csv.gz,TRUE,res_msex_interaction_summ_overlapADloci.csv.gz
PCC_DeJager_eQTL,eQTL,ROSMAP,PCC,APOE interaction,analysis_result/marginal_significant_qtl/cis_association/ROSMAP/eQTL/PCC/interaction/APOE/,bulk_brain_eQTL,res_APOE_interaction_summ.csv.gz,TRUE,res_APOE_interaction_summ_overlapADloci.csv.gz
ROSMAP_AC_sQTL,sQTL,ROSMAP,AC,single_context_finemapping,analysis_result/single_context/ROSMAP_sQTL/LeafCutter2/export/summary/context_specific/ROSMAP_AC_sQTL.exported.toploci.bed.gz,bulk_brain_sQTL,res_all_single_context_finemapping_cs50orgreater.csv.gz,TRUE,res_all_single_context_finemapping_cs50orgreater_overlapADloci.csv.gz
ROSMAP_DLPFC_haQTL,haQTL,ROSMAP,DLPFC,fSuSiE_finemapping,analysis_result/finemapping_twas/fsusie/export/summary/context_specific/ROSMAP_DLPFC_haQTL.exported.toploci.bed.gz,bulk_brain_haQTL,res_all_fsusie_finemapping_cs95.csv.gz,TRUE,res_all_fsusie_finemapping_cs95_overlapADloci.csv.gz
ROSMAP_DLPFC_mQTL,mQTL,ROSMAP,DLPFC,fSuSiE_finemapping,analysis_result/finemapping_twas/fsusie/export/summary/context_specific/ROSMAP_DLPFC_mQTL.exported.toploci.bed.gz,bulk_brain_mQTL,res_all_fsusie_finemapping_cs95.csv.gz,TRUE,res_all_fsusie_finemapping_cs95_overlapADloci.csv.gz
ROSMAP_DLPFC_sQTL,sQTL,ROSMAP,DLPFC,single_context_finemapping,analysis_result/single_context/ROSMAP_sQTL/LeafCutter2/export/summary/context_specific/ROSMAP_DLPFC_sQTL.exported.toploci.bed.gz,bulk_brain_sQTL,res_all_single_context_finemapping_cs50orgreater.csv.gz,TRUE,res_all_single_context_finemapping_cs50orgreater_overlapADloci.csv.gz
ROSMAP_PCC_sQTL,sQTL,ROSMAP,PCC,single_context_finemapping,analysis_result/single_context/ROSMAP_sQTL/LeafCutter2/export/summary/context_specific/ROSMAP_PCC_sQTL.exported.toploci.bed.gz,bulk_brain_sQTL,res_all_single_context_finemapping_cs50orgreater.csv.gz,TRUE,res_all_single_context_finemapping_cs50orgreater_overlapADloci.csv.gz
ROSMAP_snATAC_Kelis_Ast,snATAC,ROSMAP,Kelis_Ast,fSuSiE_finemapping,analysis_result/snatac_fsusie/top_loci/context_specific/ROSMAP_snATAC_Kelis_Ast.exported.toploci.bed.gz,Ast_caQTL,res_all_fsusie_finemapping_cs95.csv.gz,TRUE,res_all_fsusie_finemapping_cs95_overlapADloci.csv.gz
ROSMAP_snATAC_Kelis_Exc,snATAC,ROSMAP,Kelis_Exc,fSuSiE_finemapping,analysis_result/snatac_fsusie/top_loci/context_specific/ROSMAP_snATAC_Kelis_Exc.exported.toploci.bed.gz,Exc_caQTL,res_all_fsusie_finemapping_cs95.csv.gz,TRUE,res_all_fsusie_finemapping_cs95_overlapADloci.csv.gz
ROSMAP_snATAC_Kelis_Inh,snATAC,ROSMAP,Kelis_Inh,fSuSiE_finemapping,analysis_result/snatac_fsusie/top_loci/context_specific/ROSMAP_snATAC_Kelis_Inh.exported.toploci.bed.gz,Inh_caQTL,res_all_fsusie_finemapping_cs95.csv.gz,TRUE,res_all_fsusie_finemapping_cs95_overlapADloci.csv.gz
ROSMAP_snATAC_Kelis_Mic,snATAC,ROSMAP,Kelis_Mic,fSuSiE_finemapping,analysis_result/snatac_fsusie/top_loci/context_specific/ROSMAP_snATAC_Kelis_Mic.exported.toploci.bed.gz,Mic_caQTL,res_all_fsusie_finemapping_cs95.csv.gz,TRUE,res_all_fsusie_finemapping_cs95_overlapADloci.csv.gz
ROSMAP_snATAC_Kelis_OPC,snATAC,ROSMAP,Kelis_OPC,fSuSiE_finemapping,analysis_result/snatac_fsusie/top_loci/context_specific/ROSMAP_snATAC_Kelis_OPC.exported.toploci.bed.gz,OPC_caQTL,res_all_fsusie_finemapping_cs95.csv.gz,TRUE,res_all_fsusie_finemapping_cs95_overlapADloci.csv.gz
ROSMAP_snATAC_Kelis_Oli,snATAC,ROSMAP,Kelis_Oli,fSuSiE_finemapping,analysis_result/snatac_fsusie/top_loci/context_specific/ROSMAP_snATAC_Kelis_Oli.exported.toploci.bed.gz,Oli_caQTL,res_all_fsusie_finemapping_cs95.csv.gz,TRUE,res_all_fsusie_finemapping_cs95_overlapADloci.csv.gz
STARNET_eQTL_Mac,eQTL,STARNET,Mac,single_context_finemapping,analysis_result/single_context/STARNET_eQTL/export/summary/context_specific/STARNET_eQTL_Mac.exported.toploci.bed.gz,bulk_macrophage_eQTL,res_all_single_context_finemapping_cs50orgreater.csv.gz,TRUE,res_all_single_context_finemapping_cs50orgreater_overlapADloci.csv.gz
STARNET_eQTL_Mac,eQTL,STARNET,-,LR,analysis_result/marginal_significant_qtl/cis_association/STARNET/eQTL/LR/,bulk_macrophage_eQTL,"",TRUE,""
STARNET_eQTL_Mac,eQTL,STARNET,-,msex interaction,analysis_result/marginal_significant_qtl/cis_association/STARNET/eQTL/interaction/msex/,bulk_macrophage_eQTL,res_msex_interaction_summ.csv.gz,TRUE,res_msex_interaction_summ_overlapADloci.csv.gz
monocyte_ROSMAP_eQTL,eQTL,ROSMAP,monocyte,single_context_finemapping,analysis_result/single_context/ROSMAP_pQTL/export/summary/context_specific/monocyte_ROSMAP_eQTL.exported.toploci.bed.gz,bulk_monocyte_eQTL,res_all_single_context_finemapping_cs50orgreater.csv.gz,TRUE,res_all_single_context_finemapping_cs50orgreater_overlapADloci.csv.gz
monocyte_ROSMAP_eQTL,eQTL,ROSMAP,monocyte,multi_gene_finemapping,analysis_result/multi_gene/ROSMAP/export/summary/context_specific/ROSMAP_monocyte_ROSMAP_eQTL.exported.toploci.bed.gz,bulk_monocyte_eQTL,res_all_multi_gene_finemapping_cs50orgreater.csv.gz,TRUE,res_all_multi_gene_finemapping_cs50orgreater_overlapADloci.csv.gz
monocyte_ROSMAP_eQTL,eQTL,ROSMAP,monocyte,LR,analysis_result/marginal_significant_qtl/cis_association/ROSMAP/eQTL/monocyte/LR/,bulk_monocyte_eQTL,"",TRUE,""
monocyte_ROSMAP_eQTL,eQTL,ROSMAP,monocyte,msex interaction,analysis_result/marginal_significant_qtl/cis_association/ROSMAP/eQTL/monocyte/interaction/msex/,bulk_monocyte_eQTL,res_msex_interaction_summ.csv.gz,TRUE,res_msex_interaction_summ_overlapADloci.csv.gz
monocyte_ROSMAP_eQTL,eQTL,ROSMAP,monocyte,APOE interaction,analysis_result/marginal_significant_qtl/cis_association/ROSMAP/eQTL/monocyte/interaction/APOE/,bulk_monocyte_eQTL,res_APOE_interaction_summ.csv.gz,TRUE,res_APOE_interaction_summ_overlapADloci.csv.gz
Multi,snATAC & AD,ROSMAP & AD,Kelis Celltypes,Coloc,analysis_result/coloc/fsusie_AD_coloc/snATAC_Kelis_AD_coloc_export_filtered.bed.gz,"",res_coloc_AD_epiQTL_unified_withFP_andAllCoS_any0.8ANDmin0.5_converged.csv.gz,TRUE,res_coloc_AD_epiQTL_unified_withFP_andAllCoS_any0.8ANDmin0.5_converged_overlapADloci.csv.gz
Multi,Bulk mQTL and haQTL & AD,ROSMAP & AD,Brain,Coloc,analysis_result/coloc/fsusie_AD_coloc/bulk_fsusie_AD_coloc_export_filtered.bed.gz,"",res_coloc_AD_epiQTL_unified_withFP_andAllCoS_any0.8ANDmin0.5_converged.csv.gz,TRUE,res_coloc_AD_epiQTL_unified_withFP_andAllCoS_any0.8ANDmin0.5_converged_overlapADloci.csv.gz
Multi,eQTL & (g)pQTL,ROSMAP & Knight & MSBB & STARNET,Brain,trans_finemapping,analysis_result/trans/FunGen_xQTL.trans.exported.toploci.bed.gz,"",res_all_transgene_single_context_finemapping_cs50orgreater.csv.gz,TRUE,res_all_transgene_single_context_finemapping_cs50orgreater_overlapADloci.csv.gz
Multi,sQTL,ROSMAP,snuc_mega,LR,interactive_analysis/adpelle1/data/sn-sQTL/major_cell_FDR_0_05.txt.gz,"",res_sn_sqtl_summ.csv.gz,TRUE,res_sn_sqtl_summ_overlapADloci.csv.gz
Multi,Gene & GWAS,ROSMAP & AD,-,cTWAS,analysis_result/ctwas/archive/export/summary/ctwas_single_fmprs_merged_gene_only.tsv.gz,'',res_AD_cTWAS_pip075.csv.gz,FALSE,res_AD_cTWAS_pip075_overlapADloci.csv.gz
